"meanfreq","sd","median","Q25","Q75","IQR","skew","kurt","sp.ent","sfm","mode","centroid","meanfun","minfun","maxfun","meandom","mindom","maxdom","dfrange","modindx","label"
0.0597809849598081,0.0642412677031359,0.032026913372582,0.0150714886459209,0.0901934398654331,0.0751219512195122,12.8634618371626,274.402905502067,0.893369416700807,0.491917766397811,0,0.0597809849598081,0.084279106440321,0.0157016683022571,0.275862068965517,0.0078125,0.0078125,0.0078125,0,0,"male"
0.143658744830027,0.090628260997323,0.184976167778837,0.0435081029551954,0.219942802669209,0.176434699714013,1.59106489452459,5.38829754263834,0.950436378939425,0.675469716753195,0.212202097235462,0.143658744830027,0.172374995915133,0.0344827586206897,0.25,0.791360294117647,0.0078125,3.59375,3.5859375,0.311002178649237,"female"
0.165508946001837,0.0928835369116316,0.183043922369765,0.0700715015321757,0.250827374872319,0.180755873340143,1.70502911922022,5.76911536636857,0.938829422236203,0.601528810198165,0.267701736465781,0.165508946001837,0.185606931233589,0.0622568093385214,0.271186440677966,0.227022058823529,0.0078125,0.5546875,0.546875,0.35,"female"
